Pf1	Pf3D7_10_v3	100.00	10	0	0	1	10	27070	27079	7.3e+03	19.0
Pf1	Pf3D7_10_v3	100.00	10	0	0	1	10	27801	27810	7.3e+03	19.0
Pf1	Pf3D7_10_v3	100.00	10	0	0	1	10	28192	28201	7.3e+03	19.0
Pf1	Pf3D7_10_v3	100.00	10	0	0	1	10	33918	33927	7.3e+03	19.0
Pf1	Pf3D7_10_v3	100.00	10	0	0	1	10	34399	34408	7.3e+03	19.0
Pf1	Pf3D7_10_v3	100.00	10	0	0	1	10	34705	34714	7.3e+03	19.0
Pf1	Pf3D7_10_v3	100.00	10	0	0	1	10	36398	36407	7.3e+03	19.0
Pf1	Pf3D7_10_v3	100.00	10	0	0	1	10	37165	37174	7.3e+03	19.0
Pf1	Pf3D7_10_v3	100.00	10	0	0	1	10	39166	39175	7.3e+03	19.0
Pf1	Pf3D7_10_v3	100.00	10	0	0	1	10	40374	40383	7.3e+03	19.0
Pf1	Pf3D7_10_v3	100.00	10	0	0	1	10	40847	40856	7.3e+03	19.0
Pf1	Pf3D7_10_v3	100.00	10	0	0	1	10	41666	41675	7.3e+03	19.0
Pf1	Pf3D7_10_v3	100.00	10	0	0	1	10	42850	42859	7.3e+03	19.0
Pf1	Pf3D7_10_v3	100.00	10	0	0	1	10	43931	43940	7.3e+03	19.0
Pf1	Pf3D7_10_v3	100.00	10	0	0	1	10	45892	45901	7.3e+03	19.0
Pf1	Pf3D7_10_v3	100.00	10	0	0	1	10	46607	46616	7.3e+03	19.0
Pf1	Pf3D7_10_v3	100.00	10	0	0	1	10	27079	27070	7.3e+03	19.0
Pf1	Pf3D7_10_v3	100.00	10	0	0	1	10	27810	27801	7.3e+03	19.0
Pf1	Pf3D7_10_v3	100.00	10	0	0	1	10	28201	28192	7.3e+03	19.0
Pf1	Pf3D7_10_v3	100.00	10	0	0	1	10	33927	33918	7.3e+03	19.0
Pf1	Pf3D7_10_v3	100.00	10	0	0	1	10	34408	34399	7.3e+03	19.0
Pf1	Pf3D7_10_v3	100.00	10	0	0	1	10	34714	34705	7.3e+03	19.0
Pf1	Pf3D7_10_v3	100.00	10	0	0	1	10	36407	36398	7.3e+03	19.0
Pf1	Pf3D7_10_v3	100.00	10	0	0	1	10	37174	37165	7.3e+03	19.0
Pf1	Pf3D7_10_v3	100.00	10	0	0	1	10	39175	39166	7.3e+03	19.0
Pf1	Pf3D7_10_v3	100.00	10	0	0	1	10	40383	40374	7.3e+03	19.0
Pf1	Pf3D7_10_v3	100.00	10	0	0	1	10	40856	40847	7.3e+03	19.0
Pf1	Pf3D7_10_v3	100.00	10	0	0	1	10	41675	41666	7.3e+03	19.0
Pf1	Pf3D7_10_v3	100.00	10	0	0	1	10	42859	42850	7.3e+03	19.0
Pf1	Pf3D7_10_v3	100.00	10	0	0	1	10	43940	43931	7.3e+03	19.0
Pf1	Pf3D7_10_v3	100.00	10	0	0	1	10	45901	45892	7.3e+03	19.0
Pf1	Pf3D7_10_v3	100.00	10	0	0	1	10	46616	46607	7.3e+03	19.0
Pf1	Pf3D7_05_v3	100.00	10	0	0	1	10	19493	19502	7.3e+03	19.0
Pf1	Pf3D7_05_v3	100.00	10	0	0	1	10	26427	26436	7.3e+03	19.0
Pf1	Pf3D7_05_v3	100.00	10	0	0	1	10	26722	26731	7.3e+03	19.0
Pf1	Pf3D7_05_v3	100.00	10	0	0	1	10	27023	27032	7.3e+03	19.0
Pf1	Pf3D7_05_v3	100.00	10	0	0	1	10	31714	31723	7.3e+03	19.0
Pf1	Pf3D7_05_v3	100.00	10	0	0	1	10	34143	34152	7.3e+03	19.0
Pf1	Pf3D7_05_v3	100.00	10	0	0	1	10	35846	35855	7.3e+03	19.0
Pf1	Pf3D7_05_v3	100.00	10	0	0	1	10	37339	37348	7.3e+03	19.0
Pf1	Pf3D7_05_v3	100.00	10	0	0	1	10	40316	40325	7.3e+03	19.0
Pf1	Pf3D7_05_v3	100.00	10	0	0	1	10	40842	40851	7.3e+03	19.0
Pf1	Pf3D7_05_v3	100.00	10	0	0	1	10	41927	41936	7.3e+03	19.0
Pf1	Pf3D7_05_v3	100.00	10	0	0	1	10	42072	42081	7.3e+03	19.0
Pf1	Pf3D7_05_v3	100.00	10	0	0	1	10	42217	42226	7.3e+03	19.0
Pf1	Pf3D7_05_v3	100.00	10	0	0	1	10	47538	47547	7.3e+03	19.0
Pf1	Pf3D7_05_v3	100.00	10	0	0	1	10	48987	48996	7.3e+03	19.0
Pf1	Pf3D7_05_v3	100.00	10	0	0	1	10	50537	50546	7.3e+03	19.0
Pf1	Pf3D7_05_v3	100.00	10	0	0	1	10	19502	19493	7.3e+03	19.0
Pf1	Pf3D7_05_v3	100.00	10	0	0	1	10	26436	26427	7.3e+03	19.0
Pf1	Pf3D7_05_v3	100.00	10	0	0	1	10	26731	26722	7.3e+03	19.0
Pf1	Pf3D7_05_v3	100.00	10	0	0	1	10	27032	27023	7.3e+03	19.0
Pf1	Pf3D7_05_v3	100.00	10	0	0	1	10	31723	31714	7.3e+03	19.0
Pf1	Pf3D7_05_v3	100.00	10	0	0	1	10	34152	34143	7.3e+03	19.0
Pf1	Pf3D7_05_v3	100.00	10	0	0	1	10	35855	35846	7.3e+03	19.0
Pf1	Pf3D7_05_v3	100.00	10	0	0	1	10	37348	37339	7.3e+03	19.0
Pf1	Pf3D7_05_v3	100.00	10	0	0	1	10	40325	40316	7.3e+03	19.0
Pf1	Pf3D7_05_v3	100.00	10	0	0	1	10	40851	40842	7.3e+03	19.0
Pf1	Pf3D7_05_v3	100.00	10	0	0	1	10	41936	41927	7.3e+03	19.0
Pf1	Pf3D7_05_v3	100.00	10	0	0	1	10	42081	42072	7.3e+03	19.0
Pf1	Pf3D7_05_v3	100.00	10	0	0	1	10	42226	42217	7.3e+03	19.0
Pf1	Pf3D7_05_v3	100.00	10	0	0	1	10	47547	47538	7.3e+03	19.0
Pf1	Pf3D7_05_v3	100.00	10	0	0	1	10	48996	48987	7.3e+03	19.0
Pf1	Pf3D7_05_v3	100.00	10	0	0	1	10	50546	50537	7.3e+03	19.0
Pf2	Pf3D7_10_v3	100.00	11	0	0	1	11	27338	27348	2.0e+03	21.0
Pf2	Pf3D7_10_v3	100.00	11	0	0	1	11	27802	27812	2.0e+03	21.0
Pf2	Pf3D7_10_v3	100.00	11	0	0	1	11	28255	28265	2.0e+03	21.0
Pf2	Pf3D7_10_v3	100.00	11	0	0	1	11	33917	33927	2.0e+03	21.0
Pf2	Pf3D7_10_v3	100.00	11	0	0	1	11	34400	34410	2.0e+03	21.0
Pf2	Pf3D7_10_v3	100.00	11	0	0	1	11	34706	34716	2.0e+03	21.0
Pf2	Pf3D7_10_v3	100.00	11	0	0	1	11	36424	36434	2.0e+03	21.0
Pf2	Pf3D7_10_v3	100.00	11	0	0	1	11	37166	37176	2.0e+03	21.0
Pf2	Pf3D7_10_v3	100.00	11	0	0	1	11	39165	39175	2.0e+03	21.0
Pf2	Pf3D7_10_v3	100.00	11	0	0	1	11	40373	40383	2.0e+03	21.0
Pf2	Pf3D7_10_v3	100.00	11	0	0	1	11	40848	40858	2.0e+03	21.0
Pf2	Pf3D7_10_v3	100.00	11	0	0	1	11	41667	41677	2.0e+03	21.0
Pf2	Pf3D7_10_v3	100.00	11	0	0	1	11	42851	42861	2.0e+03	21.0
Pf2	Pf3D7_10_v3	100.00	11	0	0	1	11	43930	43940	2.0e+03	21.0
Pf2	Pf3D7_10_v3	100.00	11	0	0	1	11	45962	45972	2.0e+03	21.0
Pf2	Pf3D7_10_v3	100.00	11	0	0	1	11	46608	46618	2.0e+03	21.0
Pf2	Pf3D7_10_v3	100.00	11	0	0	1	11	27349	27339	2.0e+03	21.0
Pf2	Pf3D7_10_v3	100.00	11	0	0	1	11	27811	27801	2.0e+03	21.0
Pf2	Pf3D7_10_v3	100.00	11	0	0	1	11	28202	28192	2.0e+03	21.0
Pf2	Pf3D7_10_v3	100.00	11	0	0	1	11	33973	33963	2.0e+03	21.0
Pf2	Pf3D7_10_v3	100.00	11	0	0	1	11	34409	34399	2.0e+03	21.0
Pf2	Pf3D7_10_v3	100.00	11	0	0	1	11	34715	34705	2.0e+03	21.0
Pf2	Pf3D7_10_v3	100.00	11	0	0	1	11	36435	36425	2.0e+03	21.0
Pf2	Pf3D7_10_v3	100.00	11	0	0	1	11	37175	37165	2.0e+03	21.0
Pf2	Pf3D7_10_v3	100.00	11	0	0	1	11	39236	39226	2.0e+03	21.0
Pf2	Pf3D7_10_v3	100.00	11	0	0	1	11	40857	40847	2.0e+03	21.0
Pf2	Pf3D7_10_v3	100.00	11	0	0	1	11	41676	41666	2.0e+03	21.0
Pf2	Pf3D7_10_v3	100.00	11	0	0	1	11	42860	42850	2.0e+03	21.0
Pf2	Pf3D7_10_v3	100.00	11	0	0	1	11	43941	43931	2.0e+03	21.0
Pf2	Pf3D7_10_v3	100.00	11	0	0	1	11	46028	46018	2.0e+03	21.0
Pf2	Pf3D7_10_v3	100.00	11	0	0	1	11	46617	46607	2.0e+03	21.0
Pf2	Pf3D7_10_v3	100.00	11	0	0	1	11	47812	47802	2.0e+03	21.0
Pf2	Pf3D7_05_v3	100.00	11	0	0	1	11	19760	19770	2.0e+03	21.0
Pf2	Pf3D7_05_v3	100.00	11	0	0	1	11	26426	26436	2.0e+03	21.0
Pf2	Pf3D7_05_v3	100.00	11	0	0	1	11	27024	27034	2.0e+03	21.0
Pf2	Pf3D7_05_v3	100.00	11	0	0	1	11	31713	31723	2.0e+03	21.0
Pf2	Pf3D7_05_v3	100.00	11	0	0	1	11	34142	34152	2.0e+03	21.0
Pf2	Pf3D7_05_v3	100.00	11	0	0	1	11	35845	35855	2.0e+03	21.0
Pf2	Pf3D7_05_v3	100.00	11	0	0	1	11	37340	37350	2.0e+03	21.0
Pf2	Pf3D7_05_v3	100.00	11	0	0	1	11	40317	40327	2.0e+03	21.0
Pf2	Pf3D7_05_v3	100.00	11	0	0	1	11	40841	40851	2.0e+03	21.0
Pf2	Pf3D7_05_v3	100.00	11	0	0	1	11	41926	41936	2.0e+03	21.0
Pf2	Pf3D7_05_v3	100.00	11	0	0	1	11	42073	42083	2.0e+03	21.0
Pf2	Pf3D7_05_v3	100.00	11	0	0	1	11	42218	42228	2.0e+03	21.0
Pf2	Pf3D7_05_v3	100.00	11	0	0	1	11	47539	47549	2.0e+03	21.0
Pf2	Pf3D7_05_v3	100.00	11	0	0	1	11	48988	48998	2.0e+03	21.0
Pf2	Pf3D7_05_v3	100.00	11	0	0	1	11	50536	50546	2.0e+03	21.0
Pf2	Pf3D7_05_v3	100.00	11	0	0	1	11	52257	52267	2.0e+03	21.0
Pf2	Pf3D7_05_v3	100.00	11	0	0	1	11	19771	19761	2.0e+03	21.0
Pf2	Pf3D7_05_v3	100.00	11	0	0	1	11	26437	26427	2.0e+03	21.0
Pf2	Pf3D7_05_v3	100.00	11	0	0	1	11	27033	27023	2.0e+03	21.0
Pf2	Pf3D7_05_v3	100.00	11	0	0	1	11	31724	31714	2.0e+03	21.0
Pf2	Pf3D7_05_v3	100.00	11	0	0	1	11	34153	34143	2.0e+03	21.0
Pf2	Pf3D7_05_v3	100.00	11	0	0	1	11	35856	35846	2.0e+03	21.0
Pf2	Pf3D7_05_v3	100.00	11	0	0	1	11	37349	37339	2.0e+03	21.0
Pf2	Pf3D7_05_v3	100.00	11	0	0	1	11	40326	40316	2.0e+03	21.0
Pf2	Pf3D7_05_v3	100.00	11	0	0	1	11	40852	40842	2.0e+03	21.0
Pf2	Pf3D7_05_v3	100.00	11	0	0	1	11	41937	41927	2.0e+03	21.0
Pf2	Pf3D7_05_v3	100.00	11	0	0	1	11	42082	42072	2.0e+03	21.0
Pf2	Pf3D7_05_v3	100.00	11	0	0	1	11	42227	42217	2.0e+03	21.0
Pf2	Pf3D7_05_v3	100.00	11	0	0	1	11	47548	47538	2.0e+03	21.0
Pf2	Pf3D7_05_v3	100.00	11	0	0	1	11	48997	48987	2.0e+03	21.0
Pf2	Pf3D7_05_v3	100.00	11	0	0	1	11	50547	50537	2.0e+03	21.0
Pf2	Pf3D7_05_v3	100.00	11	0	0	1	11	52266	52256	2.0e+03	21.0
Pf3	Pf3D7_10_v3	100.00	10	0	0	1	10	27338	27347	7.3e+03	19.0
Pf3	Pf3D7_10_v3	100.00	10	0	0	1	10	27802	27811	7.3e+03	19.0
Pf3	Pf3D7_10_v3	100.00	10	0	0	1	10	28193	28202	7.3e+03	19.0
Pf3	Pf3D7_10_v3	100.00	10	0	0	1	10	33917	33926	7.3e+03	19.0
Pf3	Pf3D7_10_v3	100.00	10	0	0	1	10	34400	34409	7.3e+03	19.0
Pf3	Pf3D7_10_v3	100.00	10	0	0	1	10	34706	34715	7.3e+03	19.0
Pf3	Pf3D7_10_v3	100.00	10	0	0	1	10	36424	36433	7.3e+03	19.0
Pf3	Pf3D7_10_v3	100.00	10	0	0	1	10	37166	37175	7.3e+03	19.0
Pf3	Pf3D7_10_v3	100.00	10	0	0	1	10	39165	39174	7.3e+03	19.0
Pf3	Pf3D7_10_v3	100.00	10	0	0	1	10	40373	40382	7.3e+03	19.0
Pf3	Pf3D7_10_v3	100.00	10	0	0	1	10	40848	40857	7.3e+03	19.0
Pf3	Pf3D7_10_v3	100.00	10	0	0	1	10	41667	41676	7.3e+03	19.0
Pf3	Pf3D7_10_v3	100.00	10	0	0	1	10	42851	42860	7.3e+03	19.0
Pf3	Pf3D7_10_v3	100.00	10	0	0	1	10	43930	43939	7.3e+03	19.0
Pf3	Pf3D7_10_v3	100.00	10	0	0	1	10	45962	45971	7.3e+03	19.0
Pf3	Pf3D7_10_v3	100.00	10	0	0	1	10	46608	46617	7.3e+03	19.0
Pf3	Pf3D7_10_v3	100.00	10	0	0	1	10	27347	27338	7.3e+03	19.0
Pf3	Pf3D7_10_v3	100.00	10	0	0	1	10	27811	27802	7.3e+03	19.0
Pf3	Pf3D7_10_v3	100.00	10	0	0	1	10	28202	28193	7.3e+03	19.0
Pf3	Pf3D7_10_v3	100.00	10	0	0	1	10	33926	33917	7.3e+03	19.0
Pf3	Pf3D7_10_v3	100.00	10	0	0	1	10	34409	34400	7.3e+03	19.0
Pf3	Pf3D7_10_v3	100.00	10	0	0	1	10	34715	34706	7.3e+03	19.0
Pf3	Pf3D7_10_v3	100.00	10	0	0	1	10	36433	36424	7.3e+03	19.0
Pf3	Pf3D7_10_v3	100.00	10	0	0	1	10	37175	37166	7.3e+03	19.0
Pf3	Pf3D7_10_v3	100.00	10	0	0	1	10	39174	39165	7.3e+03	19.0
Pf3	Pf3D7_10_v3	100.00	10	0	0	1	10	40382	40373	7.3e+03	19.0
Pf3	Pf3D7_10_v3	100.00	10	0	0	1	10	40857	40848	7.3e+03	19.0
Pf3	Pf3D7_10_v3	100.00	10	0	0	1	10	41676	41667	7.3e+03	19.0
Pf3	Pf3D7_10_v3	100.00	10	0	0	1	10	42860	42851	7.3e+03	19.0
Pf3	Pf3D7_10_v3	100.00	10	0	0	1	10	43939	43930	7.3e+03	19.0
Pf3	Pf3D7_10_v3	100.00	10	0	0	1	10	45971	45962	7.3e+03	19.0
Pf3	Pf3D7_10_v3	100.00	10	0	0	1	10	46617	46608	7.3e+03	19.0
Pf3	Pf3D7_05_v3	100.00	10	0	0	1	10	19760	19769	7.3e+03	19.0
Pf3	Pf3D7_05_v3	100.00	10	0	0	1	10	26426	26435	7.3e+03	19.0
Pf3	Pf3D7_05_v3	100.00	10	0	0	1	10	27024	27033	7.3e+03	19.0
Pf3	Pf3D7_05_v3	100.00	10	0	0	1	10	31713	31722	7.3e+03	19.0
Pf3	Pf3D7_05_v3	100.00	10	0	0	1	10	34142	34151	7.3e+03	19.0
Pf3	Pf3D7_05_v3	100.00	10	0	0	1	10	35845	35854	7.3e+03	19.0
Pf3	Pf3D7_05_v3	100.00	10	0	0	1	10	37340	37349	7.3e+03	19.0
Pf3	Pf3D7_05_v3	100.00	10	0	0	1	10	40317	40326	7.3e+03	19.0
Pf3	Pf3D7_05_v3	100.00	10	0	0	1	10	40841	40850	7.3e+03	19.0
Pf3	Pf3D7_05_v3	100.00	10	0	0	1	10	41926	41935	7.3e+03	19.0
Pf3	Pf3D7_05_v3	100.00	10	0	0	1	10	42073	42082	7.3e+03	19.0
Pf3	Pf3D7_05_v3	100.00	10	0	0	1	10	42218	42227	7.3e+03	19.0
Pf3	Pf3D7_05_v3	100.00	10	0	0	1	10	47539	47548	7.3e+03	19.0
Pf3	Pf3D7_05_v3	100.00	10	0	0	1	10	48988	48997	7.3e+03	19.0
Pf3	Pf3D7_05_v3	100.00	10	0	0	1	10	50536	50545	7.3e+03	19.0
Pf3	Pf3D7_05_v3	100.00	10	0	0	1	10	52257	52266	7.3e+03	19.0
Pf3	Pf3D7_05_v3	100.00	10	0	0	1	10	19769	19760	7.3e+03	19.0
Pf3	Pf3D7_05_v3	100.00	10	0	0	1	10	26435	26426	7.3e+03	19.0
Pf3	Pf3D7_05_v3	100.00	10	0	0	1	10	27033	27024	7.3e+03	19.0
Pf3	Pf3D7_05_v3	100.00	10	0	0	1	10	31722	31713	7.3e+03	19.0
Pf3	Pf3D7_05_v3	100.00	10	0	0	1	10	34151	34142	7.3e+03	19.0
Pf3	Pf3D7_05_v3	100.00	10	0	0	1	10	35854	35845	7.3e+03	19.0
Pf3	Pf3D7_05_v3	100.00	10	0	0	1	10	37349	37340	7.3e+03	19.0
Pf3	Pf3D7_05_v3	100.00	10	0	0	1	10	40326	40317	7.3e+03	19.0
Pf3	Pf3D7_05_v3	100.00	10	0	0	1	10	40850	40841	7.3e+03	19.0
Pf3	Pf3D7_05_v3	100.00	10	0	0	1	10	41935	41926	7.3e+03	19.0
Pf3	Pf3D7_05_v3	100.00	10	0	0	1	10	42082	42073	7.3e+03	19.0
Pf3	Pf3D7_05_v3	100.00	10	0	0	1	10	42227	42218	7.3e+03	19.0
Pf3	Pf3D7_05_v3	100.00	10	0	0	1	10	47548	47539	7.3e+03	19.0
Pf3	Pf3D7_05_v3	100.00	10	0	0	1	10	48997	48988	7.3e+03	19.0
Pf3	Pf3D7_05_v3	100.00	10	0	0	1	10	50545	50536	7.3e+03	19.0
Pf3	Pf3D7_05_v3	100.00	10	0	0	1	10	52266	52257	7.3e+03	19.0
Pf4	Pf3D7_10_v3	100.00	9	0	0	1	9	64844	64852	2.6e+04	17.0
Pf4	Pf3D7_10_v3	100.00	9	0	0	1	9	68559	68567	2.6e+04	17.0
Pf4	Pf3D7_10_v3	100.00	9	0	0	1	9	89740	89748	2.6e+04	17.0
Pf4	Pf3D7_10_v3	100.00	9	0	0	1	9	90613	90621	2.6e+04	17.0
Pf4	Pf3D7_10_v3	100.00	9	0	0	1	9	91388	91396	2.6e+04	17.0
Pf4	Pf3D7_10_v3	100.00	9	0	0	1	9	101306	101314	2.6e+04	17.0
Pf4	Pf3D7_10_v3	100.00	9	0	0	1	9	106534	106542	2.6e+04	17.0
Pf4	Pf3D7_10_v3	100.00	9	0	0	1	9	119963	119971	2.6e+04	17.0
Pf4	Pf3D7_10_v3	100.00	9	0	0	1	9	120818	120826	2.6e+04	17.0
Pf4	Pf3D7_10_v3	100.00	9	0	0	1	9	123634	123642	2.6e+04	17.0
Pf4	Pf3D7_10_v3	100.00	9	0	0	1	9	124399	124407	2.6e+04	17.0
Pf4	Pf3D7_10_v3	100.00	9	0	0	1	9	140869	140877	2.6e+04	17.0
Pf4	Pf3D7_10_v3	100.00	9	0	0	1	9	150373	150381	2.6e+04	17.0
Pf4	Pf3D7_10_v3	100.00	9	0	0	1	9	165493	165501	2.6e+04	17.0
Pf4	Pf3D7_10_v3	100.00	9	0	0	1	9	190999	191007	2.6e+04	17.0
Pf4	Pf3D7_10_v3	100.00	9	0	0	1	9	220654	220662	2.6e+04	17.0
Pf4	Pf3D7_10_v3	100.00	9	0	0	1	9	40059	40051	2.6e+04	17.0
Pf4	Pf3D7_10_v3	100.00	9	0	0	1	9	41453	41445	2.6e+04	17.0
Pf4	Pf3D7_10_v3	100.00	9	0	0	1	9	42867	42859	2.6e+04	17.0
Pf4	Pf3D7_10_v3	100.00	9	0	0	1	9	50148	50140	2.6e+04	17.0
Pf4	Pf3D7_10_v3	100.00	9	0	0	1	9	77292	77284	2.6e+04	17.0
Pf4	Pf3D7_10_v3	100.00	9	0	0	1	9	84528	84520	2.6e+04	17.0
Pf4	Pf3D7_10_v3	100.00	9	0	0	1	9	86553	86545	2.6e+04	17.0
Pf4	Pf3D7_10_v3	100.00	9	0	0	1	9	89433	89425	2.6e+04	17.0
Pf4	Pf3D7_10_v3	100.00	9	0	0	1	9	91944	91936	2.6e+04	17.0
Pf4	Pf3D7_10_v3	100.00	9	0	0	1	9	100833	100825	2.6e+04	17.0
Pf4	Pf3D7_10_v3	100.00	9	0	0	1	9	101304	101296	2.6e+04	17.0
Pf4	Pf3D7_10_v3	100.00	9	0	0	1	9	139275	139267	2.6e+04	17.0
Pf4	Pf3D7_10_v3	100.00	9	0	0	1	9	146007	145999	2.6e+04	17.0
Pf4	Pf3D7_10_v3	100.00	9	0	0	1	9	161696	161688	2.6e+04	17.0
Pf4	Pf3D7_10_v3	100.00	9	0	0	1	9	166293	166285	2.6e+04	17.0
Pf4	Pf3D7_10_v3	100.00	9	0	0	1	9	171819	171811	2.6e+04	17.0
Pf4	Pf3D7_05_v3	100.00	9	0	0	1	9	38584	38592	2.6e+04	17.0
Pf4	Pf3D7_05_v3	100.00	9	0	0	1	9	49474	49482	2.6e+04	17.0
Pf4	Pf3D7_05_v3	100.00	9	0	0	1	9	54965	54973	2.6e+04	17.0
Pf4	Pf3D7_05_v3	100.00	9	0	0	1	9	57578	57586	2.6e+04	17.0
Pf4	Pf3D7_05_v3	100.00	9	0	0	1	9	65683	65691	2.6e+04	17.0
Pf4	Pf3D7_05_v3	100.00	9	0	0	1	9	66889	66897	2.6e+04	17.0
Pf4	Pf3D7_05_v3	100.00	9	0	0	1	9	90443	90451	2.6e+04	17.0
Pf4	Pf3D7_05_v3	100.00	9	0	0	1	9	90933	90941	2.6e+04	17.0
Pf4	Pf3D7_05_v3	100.00	9	0	0	1	9	95932	95940	2.6e+04	17.0
Pf4	Pf3D7_05_v3	100.00	9	0	0	1	9	115201	115209	2.6e+04	17.0
Pf4	Pf3D7_05_v3	100.00	9	0	0	1	9	136824	136832	2.6e+04	17.0
Pf4	Pf3D7_05_v3	100.00	9	0	0	1	9	162820	162828	2.6e+04	17.0
Pf4	Pf3D7_05_v3	100.00	9	0	0	1	9	179470	179478	2.6e+04	17.0
Pf4	Pf3D7_05_v3	100.00	9	0	0	1	9	244473	244481	2.6e+04	17.0
Pf4	Pf3D7_05_v3	100.00	9	0	0	1	9	251902	251910	2.6e+04	17.0
Pf4	Pf3D7_05_v3	100.00	9	0	0	1	9	253027	253035	2.6e+04	17.0
Pf4	Pf3D7_05_v3	100.00	9	0	0	1	9	32248	32240	2.6e+04	17.0
Pf4	Pf3D7_05_v3	100.00	9	0	0	1	9	40869	40861	2.6e+04	17.0
Pf4	Pf3D7_05_v3	100.00	9	0	0	1	9	42687	42679	2.6e+04	17.0
Pf4	Pf3D7_05_v3	100.00	9	0	0	1	9	52700	52692	2.6e+04	17.0
Pf4	Pf3D7_05_v3	100.00	9	0	0	1	9	60334	60326	2.6e+04	17.0
Pf4	Pf3D7_05_v3	100.00	9	0	0	1	9	60849	60841	2.6e+04	17.0
Pf4	Pf3D7_05_v3	100.00	9	0	0	1	9	66843	66835	2.6e+04	17.0
Pf4	Pf3D7_05_v3	100.00	9	0	0	1	9	66914	66906	2.6e+04	17.0
Pf4	Pf3D7_05_v3	100.00	9	0	0	1	9	71290	71282	2.6e+04	17.0
Pf4	Pf3D7_05_v3	100.00	9	0	0	1	9	82396	82388	2.6e+04	17.0
Pf4	Pf3D7_05_v3	100.00	9	0	0	1	9	89244	89236	2.6e+04	17.0
Pf4	Pf3D7_05_v3	100.00	9	0	0	1	9	98154	98146	2.6e+04	17.0
Pf4	Pf3D7_05_v3	100.00	9	0	0	1	9	104053	104045	2.6e+04	17.0
Pf4	Pf3D7_05_v3	100.00	9	0	0	1	9	137178	137170	2.6e+04	17.0
Pf4	Pf3D7_05_v3	100.00	9	0	0	1	9	137408	137400	2.6e+04	17.0
Pf4	Pf3D7_05_v3	100.00	9	0	0	1	9	138330	138322	2.6e+04	17.0
Pf5	Pf3D7_10_v3	100.00	10	0	0	1	10	27473	27482	7.3e+03	19.0
Pf5	Pf3D7_10_v3	100.00	10	0	0	1	10	28257	28266	7.3e+03	19.0
Pf5	Pf3D7_10_v3	100.00	10	0	0	1	10	34107	34116	7.3e+03	19.0
Pf5	Pf3D7_10_v3	100.00	10	0	0	1	10	34750	34759	7.3e+03	19.0
Pf5	Pf3D7_10_v3	100.00	10	0	0	1	10	36428	36437	7.3e+03	19.0
Pf5	Pf3D7_10_v3	100.00	10	0	0	1	10	39277	39286	7.3e+03	19.0
Pf5	Pf3D7_10_v3	100.00	10	0	0	1	10	40375	40384	7.3e+03	19.0
Pf5	Pf3D7_10_v3	100.00	10	0	0	1	10	40987	40996	7.3e+03	19.0
Pf5	Pf3D7_10_v3	100.00	10	0	0	1	10	41507	41516	7.3e+03	19.0
Pf5	Pf3D7_10_v3	100.00	10	0	0	1	10	43934	43943	7.3e+03	19.0
Pf5	Pf3D7_10_v3	100.00	10	0	0	1	10	45964	45973	7.3e+03	19.0
Pf5	Pf3D7_10_v3	100.00	10	0	0	1	10	47124	47133	7.3e+03	19.0
Pf5	Pf3D7_10_v3	100.00	10	0	0	1	10	49275	49284	7.3e+03	19.0
Pf5	Pf3D7_10_v3	100.00	10	0	0	1	10	50295	50304	7.3e+03	19.0
Pf5	Pf3D7_10_v3	100.00	10	0	0	1	10	52430	52439	7.3e+03	19.0
Pf5	Pf3D7_10_v3	100.00	10	0	0	1	10	53980	53989	7.3e+03	19.0
Pf5	Pf3D7_10_v3	100.00	10	0	0	1	10	27078	27069	7.3e+03	19.0
Pf5	Pf3D7_10_v3	100.00	10	0	0	1	10	27809	27800	7.3e+03	19.0
Pf5	Pf3D7_10_v3	100.00	10	0	0	1	10	28200	28191	7.3e+03	19.0
Pf5	Pf3D7_10_v3	100.00	10	0	0	1	10	33904	33895	7.3e+03	19.0
Pf5	Pf3D7_10_v3	100.00	10	0	0	1	10	34407	34398	7.3e+03	19.0
Pf5	Pf3D7_10_v3	100.00	10	0	0	1	10	36703	36694	7.3e+03	19.0
Pf5	Pf3D7_10_v3	100.00	10	0	0	1	10	37027	37018	7.3e+03	19.0
Pf5	Pf3D7_10_v3	100.00	10	0	0	1	10	45900	45891	7.3e+03	19.0
Pf5	Pf3D7_10_v3	100.00	10	0	0	1	10	51129	51120	7.3e+03	19.0
Pf5	Pf3D7_10_v3	100.00	10	0	0	1	10	62215	62206	7.3e+03	19.0
Pf5	Pf3D7_10_v3	100.00	10	0	0	1	10	62748	62739	7.3e+03	19.0
Pf5	Pf3D7_10_v3	100.00	10	0	0	1	10	63177	63168	7.3e+03	19.0
Pf5	Pf3D7_10_v3	100.00	10	0	0	1	10	64643	64634	7.3e+03	19.0
Pf5	Pf3D7_10_v3	100.00	10	0	0	1	10	64854	64845	7.3e+03	19.0
Pf5	Pf3D7_10_v3	100.00	10	0	0	1	10	65755	65746	7.3e+03	19.0
Pf5	Pf3D7_10_v3	100.00	10	0	0	1	10	66250	66241	7.3e+03	19.0
Pf5	Pf3D7_05_v3	100.00	10	0	0	1	10	26415	26424	7.3e+03	19.0
Pf5	Pf3D7_05_v3	100.00	10	0	0	1	10	32201	32210	7.3e+03	19.0
Pf5	Pf3D7_05_v3	100.00	10	0	0	1	10	35554	35563	7.3e+03	19.0
Pf5	Pf3D7_05_v3	100.00	10	0	0	1	10	35859	35868	7.3e+03	19.0
Pf5	Pf3D7_05_v3	100.00	10	0	0	1	10	35993	36002	7.3e+03	19.0
Pf5	Pf3D7_05_v3	100.00	10	0	0	1	10	40859	40868	7.3e+03	19.0
Pf5	Pf3D7_05_v3	100.00	10	0	0	1	10	41940	41949	7.3e+03	19.0
Pf5	Pf3D7_05_v3	100.00	10	0	0	1	10	42220	42229	7.3e+03	19.0
Pf5	Pf3D7_05_v3	100.00	10	0	0	1	10	48817	48826	7.3e+03	19.0
Pf5	Pf3D7_05_v3	100.00	10	0	0	1	10	49479	49488	7.3e+03	19.0
Pf5	Pf3D7_05_v3	100.00	10	0	0	1	10	52618	52627	7.3e+03	19.0
Pf5	Pf3D7_05_v3	100.00	10	0	0	1	10	53329	53338	7.3e+03	19.0
Pf5	Pf3D7_05_v3	100.00	10	0	0	1	10	54418	54427	7.3e+03	19.0
Pf5	Pf3D7_05_v3	100.00	10	0	0	1	10	57652	57661	7.3e+03	19.0
Pf5	Pf3D7_05_v3	100.00	10	0	0	1	10	59549	59558	7.3e+03	19.0
Pf5	Pf3D7_05_v3	100.00	10	0	0	1	10	60324	60333	7.3e+03	19.0
Pf5	Pf3D7_05_v3	100.00	10	0	0	1	10	19501	19492	7.3e+03	19.0
Pf5	Pf3D7_05_v3	100.00	10	0	0	1	10	26730	26721	7.3e+03	19.0
Pf5	Pf3D7_05_v3	100.00	10	0	0	1	10	30871	30862	7.3e+03	19.0
Pf5	Pf3D7_05_v3	100.00	10	0	0	1	10	34276	34267	7.3e+03	19.0
Pf5	Pf3D7_05_v3	100.00	10	0	0	1	10	36186	36177	7.3e+03	19.0
Pf5	Pf3D7_05_v3	100.00	10	0	0	1	10	37347	37338	7.3e+03	19.0
Pf5	Pf3D7_05_v3	100.00	10	0	0	1	10	42225	42216	7.3e+03	19.0
Pf5	Pf3D7_05_v3	100.00	10	0	0	1	10	47546	47537	7.3e+03	19.0
Pf5	Pf3D7_05_v3	100.00	10	0	0	1	10	48528	48519	7.3e+03	19.0
Pf5	Pf3D7_05_v3	100.00	10	0	0	1	10	50394	50385	7.3e+03	19.0
Pf5	Pf3D7_05_v3	100.00	10	0	0	1	10	50404	50395	7.3e+03	19.0
Pf5	Pf3D7_05_v3	100.00	10	0	0	1	10	50644	50635	7.3e+03	19.0
Pf5	Pf3D7_05_v3	100.00	10	0	0	1	10	52625	52616	7.3e+03	19.0
Pf5	Pf3D7_05_v3	100.00	10	0	0	1	10	53330	53321	7.3e+03	19.0
Pf5	Pf3D7_05_v3	100.00	10	0	0	1	10	53756	53747	7.3e+03	19.0
Pf5	Pf3D7_05_v3	100.00	10	0	0	1	10	54958	54949	7.3e+03	19.0
Pf6	Pf3D7_10_v3	100.00	10	0	0	1	10	28212	28221	7.3e+03	19.0
Pf6	Pf3D7_10_v3	100.00	10	0	0	1	10	50189	50198	7.3e+03	19.0
Pf6	Pf3D7_10_v3	100.00	10	0	0	1	10	53946	53955	7.3e+03	19.0
Pf6	Pf3D7_10_v3	100.00	10	0	0	1	10	67518	67527	7.3e+03	19.0
Pf6	Pf3D7_10_v3	100.00	10	0	0	1	10	68598	68607	7.3e+03	19.0
Pf6	Pf3D7_10_v3	100.00	10	0	0	1	10	71511	71520	7.3e+03	19.0
Pf6	Pf3D7_10_v3	100.00	10	0	0	1	10	73852	73861	7.3e+03	19.0
Pf6	Pf3D7_10_v3	100.00	10	0	0	1	10	91749	91758	7.3e+03	19.0
Pf6	Pf3D7_10_v3	100.00	10	0	0	1	10	122455	122464	7.3e+03	19.0
Pf6	Pf3D7_10_v3	100.00	10	0	0	1	10	123489	123498	7.3e+03	19.0
Pf6	Pf3D7_10_v3	100.00	10	0	0	1	10	156333	156342	7.3e+03	19.0
Pf6	Pf3D7_10_v3	100.00	10	0	0	1	10	157992	158001	7.3e+03	19.0
Pf6	Pf3D7_10_v3	100.00	10	0	0	1	10	164700	164709	7.3e+03	19.0
Pf6	Pf3D7_10_v3	100.00	10	0	0	1	10	175681	175690	7.3e+03	19.0
Pf6	Pf3D7_10_v3	100.00	10	0	0	1	10	188473	188482	7.3e+03	19.0
Pf6	Pf3D7_10_v3	100.00	10	0	0	1	10	188923	188932	7.3e+03	19.0
Pf6	Pf3D7_10_v3	100.00	10	0	0	1	10	37684	37675	7.3e+03	19.0
Pf6	Pf3D7_10_v3	100.00	10	0	0	1	10	43926	43917	7.3e+03	19.0
Pf6	Pf3D7_10_v3	100.00	10	0	0	1	10	55989	55980	7.3e+03	19.0
Pf6	Pf3D7_10_v3	100.00	10	0	0	1	10	57154	57145	7.3e+03	19.0
Pf6	Pf3D7_10_v3	100.00	10	0	0	1	10	61205	61196	7.3e+03	19.0
Pf6	Pf3D7_10_v3	100.00	10	0	0	1	10	65719	65710	7.3e+03	19.0
Pf6	Pf3D7_10_v3	100.00	10	0	0	1	10	101395	101386	7.3e+03	19.0
Pf6	Pf3D7_10_v3	100.00	10	0	0	1	10	116146	116137	7.3e+03	19.0
Pf6	Pf3D7_10_v3	100.00	10	0	0	1	10	126018	126009	7.3e+03	19.0
Pf6	Pf3D7_10_v3	100.00	10	0	0	1	10	126340	126331	7.3e+03	19.0
Pf6	Pf3D7_10_v3	100.00	10	0	0	1	10	126760	126751	7.3e+03	19.0
Pf6	Pf3D7_10_v3	100.00	10	0	0	1	10	134215	134206	7.3e+03	19.0
Pf6	Pf3D7_10_v3	100.00	10	0	0	1	10	164169	164160	7.3e+03	19.0
Pf6	Pf3D7_10_v3	100.00	10	0	0	1	10	180567	180558	7.3e+03	19.0
Pf6	Pf3D7_10_v3	100.00	10	0	0	1	10	189487	189478	7.3e+03	19.0
Pf6	Pf3D7_10_v3	100.00	10	0	0	1	10	198590	198581	7.3e+03	19.0
Pf6	Pf3D7_05_v3	100.00	10	0	0	1	10	38287	38296	7.3e+03	19.0
Pf6	Pf3D7_05_v3	100.00	10	0	0	1	10	38565	38574	7.3e+03	19.0
Pf6	Pf3D7_05_v3	100.00	10	0	0	1	10	50069	50078	7.3e+03	19.0
Pf6	Pf3D7_05_v3	100.00	10	0	0	1	10	59824	59833	7.3e+03	19.0
Pf6	Pf3D7_05_v3	100.00	10	0	0	1	10	73525	73534	7.3e+03	19.0
Pf6	Pf3D7_05_v3	100.00	10	0	0	1	10	97251	97260	7.3e+03	19.0
Pf6	Pf3D7_05_v3	100.00	10	0	0	1	10	101079	101088	7.3e+03	19.0
Pf6	Pf3D7_05_v3	100.00	10	0	0	1	10	117772	117781	7.3e+03	19.0
Pf6	Pf3D7_05_v3	100.00	10	0	0	1	10	118417	118426	7.3e+03	19.0
Pf6	Pf3D7_05_v3	100.00	10	0	0	1	10	120997	121006	7.3e+03	19.0
Pf6	Pf3D7_05_v3	100.00	10	0	0	1	10	129502	129511	7.3e+03	19.0
Pf6	Pf3D7_05_v3	100.00	10	0	0	1	10	136762	136771	7.3e+03	19.0
Pf6	Pf3D7_05_v3	100.00	10	0	0	1	10	154783	154792	7.3e+03	19.0
Pf6	Pf3D7_05_v3	100.00	10	0	0	1	10	155260	155269	7.3e+03	19.0
Pf6	Pf3D7_05_v3	100.00	10	0	0	1	10	156264	156273	7.3e+03	19.0
Pf6	Pf3D7_05_v3	100.00	10	0	0	1	10	157078	157087	7.3e+03	19.0
Pf6	Pf3D7_05_v3	100.00	10	0	0	1	10	35513	35504	7.3e+03	19.0
Pf6	Pf3D7_05_v3	100.00	10	0	0	1	10	37473	37464	7.3e+03	19.0
Pf6	Pf3D7_05_v3	100.00	10	0	0	1	10	62422	62413	7.3e+03	19.0
Pf6	Pf3D7_05_v3	100.00	10	0	0	1	10	67865	67856	7.3e+03	19.0
Pf6	Pf3D7_05_v3	100.00	10	0	0	1	10	71836	71827	7.3e+03	19.0
Pf6	Pf3D7_05_v3	100.00	10	0	0	1	10	89887	89878	7.3e+03	19.0
Pf6	Pf3D7_05_v3	100.00	10	0	0	1	10	91627	91618	7.3e+03	19.0
Pf6	Pf3D7_05_v3	100.00	10	0	0	1	10	98838	98829	7.3e+03	19.0
Pf6	Pf3D7_05_v3	100.00	10	0	0	1	10	109639	109630	7.3e+03	19.0
Pf6	Pf3D7_05_v3	100.00	10	0	0	1	10	112807	112798	7.3e+03	19.0
Pf6	Pf3D7_05_v3	100.00	10	0	0	1	10	115018	115009	7.3e+03	19.0
Pf6	Pf3D7_05_v3	100.00	10	0	0	1	10	118941	118932	7.3e+03	19.0
Pf6	Pf3D7_05_v3	100.00	10	0	0	1	10	131178	131169	7.3e+03	19.0
Pf6	Pf3D7_05_v3	100.00	10	0	0	1	10	132543	132534	7.3e+03	19.0
Pf6	Pf3D7_05_v3	100.00	10	0	0	1	10	132822	132813	7.3e+03	19.0
Pf6	Pf3D7_05_v3	100.00	10	0	0	1	10	138786	138777	7.3e+03	19.0
Pf7	Pf3D7_10_v3	100.00	10	0	0	1	10	37675	37684	7.3e+03	19.0
Pf7	Pf3D7_10_v3	100.00	10	0	0	1	10	43917	43926	7.3e+03	19.0
Pf7	Pf3D7_10_v3	100.00	10	0	0	1	10	55980	55989	7.3e+03	19.0
Pf7	Pf3D7_10_v3	100.00	10	0	0	1	10	57145	57154	7.3e+03	19.0
Pf7	Pf3D7_10_v3	100.00	10	0	0	1	10	61196	61205	7.3e+03	19.0
Pf7	Pf3D7_10_v3	100.00	10	0	0	1	10	65710	65719	7.3e+03	19.0
Pf7	Pf3D7_10_v3	100.00	10	0	0	1	10	101386	101395	7.3e+03	19.0
Pf7	Pf3D7_10_v3	100.00	10	0	0	1	10	116137	116146	7.3e+03	19.0
Pf7	Pf3D7_10_v3	100.00	10	0	0	1	10	126009	126018	7.3e+03	19.0
Pf7	Pf3D7_10_v3	100.00	10	0	0	1	10	126331	126340	7.3e+03	19.0
Pf7	Pf3D7_10_v3	100.00	10	0	0	1	10	126751	126760	7.3e+03	19.0
Pf7	Pf3D7_10_v3	100.00	10	0	0	1	10	134206	134215	7.3e+03	19.0
Pf7	Pf3D7_10_v3	100.00	10	0	0	1	10	164160	164169	7.3e+03	19.0
Pf7	Pf3D7_10_v3	100.00	10	0	0	1	10	180558	180567	7.3e+03	19.0
Pf7	Pf3D7_10_v3	100.00	10	0	0	1	10	189478	189487	7.3e+03	19.0
Pf7	Pf3D7_10_v3	100.00	10	0	0	1	10	198581	198590	7.3e+03	19.0
Pf7	Pf3D7_10_v3	100.00	10	0	0	1	10	28221	28212	7.3e+03	19.0
Pf7	Pf3D7_10_v3	100.00	10	0	0	1	10	50198	50189	7.3e+03	19.0
Pf7	Pf3D7_10_v3	100.00	10	0	0	1	10	53955	53946	7.3e+03	19.0
Pf7	Pf3D7_10_v3	100.00	10	0	0	1	10	67527	67518	7.3e+03	19.0
Pf7	Pf3D7_10_v3	100.00	10	0	0	1	10	68607	68598	7.3e+03	19.0
Pf7	Pf3D7_10_v3	100.00	10	0	0	1	10	71520	71511	7.3e+03	19.0
Pf7	Pf3D7_10_v3	100.00	10	0	0	1	10	73861	73852	7.3e+03	19.0
Pf7	Pf3D7_10_v3	100.00	10	0	0	1	10	91758	91749	7.3e+03	19.0
Pf7	Pf3D7_10_v3	100.00	10	0	0	1	10	122464	122455	7.3e+03	19.0
Pf7	Pf3D7_10_v3	100.00	10	0	0	1	10	123498	123489	7.3e+03	19.0
Pf7	Pf3D7_10_v3	100.00	10	0	0	1	10	156342	156333	7.3e+03	19.0
Pf7	Pf3D7_10_v3	100.00	10	0	0	1	10	158001	157992	7.3e+03	19.0
Pf7	Pf3D7_10_v3	100.00	10	0	0	1	10	164709	164700	7.3e+03	19.0
Pf7	Pf3D7_10_v3	100.00	10	0	0	1	10	175690	175681	7.3e+03	19.0
Pf7	Pf3D7_10_v3	100.00	10	0	0	1	10	188482	188473	7.3e+03	19.0
Pf7	Pf3D7_10_v3	100.00	10	0	0	1	10	188932	188923	7.3e+03	19.0
Pf7	Pf3D7_05_v3	100.00	10	0	0	1	10	35504	35513	7.3e+03	19.0
Pf7	Pf3D7_05_v3	100.00	10	0	0	1	10	37464	37473	7.3e+03	19.0
Pf7	Pf3D7_05_v3	100.00	10	0	0	1	10	62413	62422	7.3e+03	19.0
Pf7	Pf3D7_05_v3	100.00	10	0	0	1	10	67856	67865	7.3e+03	19.0
Pf7	Pf3D7_05_v3	100.00	10	0	0	1	10	71827	71836	7.3e+03	19.0
Pf7	Pf3D7_05_v3	100.00	10	0	0	1	10	89878	89887	7.3e+03	19.0
Pf7	Pf3D7_05_v3	100.00	10	0	0	1	10	91618	91627	7.3e+03	19.0
Pf7	Pf3D7_05_v3	100.00	10	0	0	1	10	98829	98838	7.3e+03	19.0
Pf7	Pf3D7_05_v3	100.00	10	0	0	1	10	109630	109639	7.3e+03	19.0
Pf7	Pf3D7_05_v3	100.00	10	0	0	1	10	112798	112807	7.3e+03	19.0
Pf7	Pf3D7_05_v3	100.00	10	0	0	1	10	115009	115018	7.3e+03	19.0
Pf7	Pf3D7_05_v3	100.00	10	0	0	1	10	118932	118941	7.3e+03	19.0
Pf7	Pf3D7_05_v3	100.00	10	0	0	1	10	131169	131178	7.3e+03	19.0
Pf7	Pf3D7_05_v3	100.00	10	0	0	1	10	132534	132543	7.3e+03	19.0
Pf7	Pf3D7_05_v3	100.00	10	0	0	1	10	132813	132822	7.3e+03	19.0
Pf7	Pf3D7_05_v3	100.00	10	0	0	1	10	138777	138786	7.3e+03	19.0
Pf7	Pf3D7_05_v3	100.00	10	0	0	1	10	38296	38287	7.3e+03	19.0
Pf7	Pf3D7_05_v3	100.00	10	0	0	1	10	38574	38565	7.3e+03	19.0
Pf7	Pf3D7_05_v3	100.00	10	0	0	1	10	50078	50069	7.3e+03	19.0
Pf7	Pf3D7_05_v3	100.00	10	0	0	1	10	59833	59824	7.3e+03	19.0
Pf7	Pf3D7_05_v3	100.00	10	0	0	1	10	73534	73525	7.3e+03	19.0
Pf7	Pf3D7_05_v3	100.00	10	0	0	1	10	97260	97251	7.3e+03	19.0
Pf7	Pf3D7_05_v3	100.00	10	0	0	1	10	101088	101079	7.3e+03	19.0
Pf7	Pf3D7_05_v3	100.00	10	0	0	1	10	117781	117772	7.3e+03	19.0
Pf7	Pf3D7_05_v3	100.00	10	0	0	1	10	118426	118417	7.3e+03	19.0
Pf7	Pf3D7_05_v3	100.00	10	0	0	1	10	121006	120997	7.3e+03	19.0
Pf7	Pf3D7_05_v3	100.00	10	0	0	1	10	129511	129502	7.3e+03	19.0
Pf7	Pf3D7_05_v3	100.00	10	0	0	1	10	136771	136762	7.3e+03	19.0
Pf7	Pf3D7_05_v3	100.00	10	0	0	1	10	154792	154783	7.3e+03	19.0
Pf7	Pf3D7_05_v3	100.00	10	0	0	1	10	155269	155260	7.3e+03	19.0
Pf7	Pf3D7_05_v3	100.00	10	0	0	1	10	156273	156264	7.3e+03	19.0
Pf7	Pf3D7_05_v3	100.00	10	0	0	1	10	157087	157078	7.3e+03	19.0
Pf8	Pf3D7_10_v3	100.00	11	0	0	1	11	26381	26391	2.0e+03	21.0
Pf8	Pf3D7_10_v3	100.00	11	0	0	1	11	27731	27741	2.0e+03	21.0
Pf8	Pf3D7_10_v3	100.00	11	0	0	1	11	34376	34386	2.0e+03	21.0
Pf8	Pf3D7_10_v3	100.00	11	0	0	1	11	36677	36687	2.0e+03	21.0
Pf8	Pf3D7_10_v3	100.00	11	0	0	1	11	37957	37967	2.0e+03	21.0
Pf8	Pf3D7_10_v3	100.00	11	0	0	1	11	39612	39622	2.0e+03	21.0
Pf8	Pf3D7_10_v3	100.00	11	0	0	1	11	40650	40660	2.0e+03	21.0
Pf8	Pf3D7_10_v3	100.00	11	0	0	1	11	43789	43799	2.0e+03	21.0
Pf8	Pf3D7_10_v3	100.00	11	0	0	1	11	46345	46355	2.0e+03	21.0
Pf8	Pf3D7_10_v3	100.00	11	0	0	1	11	47421	47431	2.0e+03	21.0
Pf8	Pf3D7_10_v3	100.00	11	0	0	1	11	49579	49589	2.0e+03	21.0
Pf8	Pf3D7_10_v3	100.00	11	0	0	1	11	53691	53701	2.0e+03	21.0
Pf8	Pf3D7_10_v3	100.00	11	0	0	1	11	55935	55945	2.0e+03	21.0
Pf8	Pf3D7_10_v3	100.00	11	0	0	1	11	59921	59931	2.0e+03	21.0
Pf8	Pf3D7_10_v3	100.00	11	0	0	1	11	62896	62906	2.0e+03	21.0
Pf8	Pf3D7_10_v3	100.00	11	0	0	1	11	63297	63307	2.0e+03	21.0
Pf8	Pf3D7_10_v3	100.00	11	0	0	1	11	27633	27623	2.0e+03	21.0
Pf8	Pf3D7_10_v3	100.00	11	0	0	1	11	27998	27988	2.0e+03	21.0
Pf8	Pf3D7_10_v3	100.00	11	0	0	1	11	34839	34829	2.0e+03	21.0
Pf8	Pf3D7_10_v3	100.00	11	0	0	1	11	36350	36340	2.0e+03	21.0
Pf8	Pf3D7_10_v3	100.00	11	0	0	1	11	36997	36987	2.0e+03	21.0
Pf8	Pf3D7_10_v3	100.00	11	0	0	1	11	39574	39564	2.0e+03	21.0
Pf8	Pf3D7_10_v3	100.00	11	0	0	1	11	40174	40164	2.0e+03	21.0
Pf8	Pf3D7_10_v3	100.00	11	0	0	1	11	40975	40965	2.0e+03	21.0
Pf8	Pf3D7_10_v3	100.00	11	0	0	1	11	41356	41346	2.0e+03	21.0
Pf8	Pf3D7_10_v3	100.00	11	0	0	1	11	41824	41814	2.0e+03	21.0
Pf8	Pf3D7_10_v3	100.00	11	0	0	1	11	44269	44259	2.0e+03	21.0
Pf8	Pf3D7_10_v3	100.00	11	0	0	1	11	46428	46418	2.0e+03	21.0
Pf8	Pf3D7_10_v3	100.00	11	0	0	1	11	50267	50257	2.0e+03	21.0
Pf8	Pf3D7_10_v3	100.00	11	0	0	1	11	50886	50876	2.0e+03	21.0
Pf8	Pf3D7_10_v3	100.00	11	0	0	1	11	53211	53201	2.0e+03	21.0
Pf8	Pf3D7_10_v3	100.00	11	0	0	1	11	53240	53230	2.0e+03	21.0
Pf8	Pf3D7_05_v3	100.00	11	0	0	1	11	26472	26482	2.0e+03	21.0
Pf8	Pf3D7_05_v3	100.00	11	0	0	1	11	26683	26693	2.0e+03	21.0
Pf8	Pf3D7_05_v3	100.00	11	0	0	1	11	35914	35924	2.0e+03	21.0
Pf8	Pf3D7_05_v3	100.00	11	0	0	1	11	42509	42519	2.0e+03	21.0
Pf8	Pf3D7_05_v3	100.00	11	0	0	1	11	43293	43303	2.0e+03	21.0
Pf8	Pf3D7_05_v3	100.00	11	0	0	1	11	47797	47807	2.0e+03	21.0
Pf8	Pf3D7_05_v3	100.00	11	0	0	1	11	48255	48265	2.0e+03	21.0
Pf8	Pf3D7_05_v3	100.00	11	0	0	1	11	49635	49645	2.0e+03	21.0
Pf8	Pf3D7_05_v3	100.00	11	0	0	1	11	49789	49799	2.0e+03	21.0
Pf8	Pf3D7_05_v3	100.00	11	0	0	1	11	49911	49921	2.0e+03	21.0
Pf8	Pf3D7_05_v3	100.00	11	0	0	1	11	50365	50375	2.0e+03	21.0
Pf8	Pf3D7_05_v3	100.00	11	0	0	1	11	52558	52568	2.0e+03	21.0
Pf8	Pf3D7_05_v3	100.00	11	0	0	1	11	53182	53192	2.0e+03	21.0
Pf8	Pf3D7_05_v3	100.00	11	0	0	1	11	54598	54608	2.0e+03	21.0
Pf8	Pf3D7_05_v3	100.00	11	0	0	1	11	56897	56907	2.0e+03	21.0
Pf8	Pf3D7_05_v3	100.00	11	0	0	1	11	57713	57723	2.0e+03	21.0
Pf8	Pf3D7_05_v3	100.00	11	0	0	1	11	28489	28479	2.0e+03	21.0
Pf8	Pf3D7_05_v3	100.00	11	0	0	1	11	28650	28640	2.0e+03	21.0
Pf8	Pf3D7_05_v3	100.00	11	0	0	1	11	28716	28706	2.0e+03	21.0
Pf8	Pf3D7_05_v3	100.00	11	0	0	1	11	28723	28713	2.0e+03	21.0
Pf8	Pf3D7_05_v3	100.00	11	0	0	1	11	28832	28822	2.0e+03	21.0
Pf8	Pf3D7_05_v3	100.00	11	0	0	1	11	29827	29817	2.0e+03	21.0
Pf8	Pf3D7_05_v3	100.00	11	0	0	1	11	34782	34772	2.0e+03	21.0
Pf8	Pf3D7_05_v3	100.00	11	0	0	1	11	37903	37893	2.0e+03	21.0
Pf8	Pf3D7_05_v3	100.00	11	0	0	1	11	38232	38222	2.0e+03	21.0
Pf8	Pf3D7_05_v3	100.00	11	0	0	1	11	47920	47910	2.0e+03	21.0
Pf8	Pf3D7_05_v3	100.00	11	0	0	1	11	48906	48896	2.0e+03	21.0
Pf8	Pf3D7_05_v3	100.00	11	0	0	1	11	54305	54295	2.0e+03	21.0
Pf8	Pf3D7_05_v3	100.00	11	0	0	1	11	54837	54827	2.0e+03	21.0
Pf8	Pf3D7_05_v3	100.00	11	0	0	1	11	55673	55663	2.0e+03	21.0
Pf8	Pf3D7_05_v3	100.00	11	0	0	1	11	57157	57147	2.0e+03	21.0
Pf8	Pf3D7_05_v3	100.00	11	0	0	1	11	60562	60552	2.0e+03	21.0
Pf9	Pf3D7_10_v3	100.00	10	0	0	1	10	43918	43927	7.3e+03	19.0
Pf9	Pf3D7_10_v3	100.00	10	0	0	1	10	55978	55987	7.3e+03	19.0
Pf9	Pf3D7_10_v3	100.00	10	0	0	1	10	61194	61203	7.3e+03	19.0
Pf9	Pf3D7_10_v3	100.00	10	0	0	1	10	83802	83811	7.3e+03	19.0
Pf9	Pf3D7_10_v3	100.00	10	0	0	1	10	109643	109652	7.3e+03	19.0
Pf9	Pf3D7_10_v3	100.00	10	0	0	1	10	126010	126019	7.3e+03	19.0
Pf9	Pf3D7_10_v3	100.00	10	0	0	1	10	129717	129726	7.3e+03	19.0
Pf9	Pf3D7_10_v3	100.00	10	0	0	1	10	130866	130875	7.3e+03	19.0
Pf9	Pf3D7_10_v3	100.00	10	0	0	1	10	143697	143706	7.3e+03	19.0
Pf9	Pf3D7_10_v3	100.00	10	0	0	1	10	144060	144069	7.3e+03	19.0
Pf9	Pf3D7_10_v3	100.00	10	0	0	1	10	144519	144528	7.3e+03	19.0
Pf9	Pf3D7_10_v3	100.00	10	0	0	1	10	144834	144843	7.3e+03	19.0
Pf9	Pf3D7_10_v3	100.00	10	0	0	1	10	150056	150065	7.3e+03	19.0
Pf9	Pf3D7_10_v3	100.00	10	0	0	1	10	185613	185622	7.3e+03	19.0
Pf9	Pf3D7_10_v3	100.00	10	0	0	1	10	186480	186489	7.3e+03	19.0
Pf9	Pf3D7_10_v3	100.00	10	0	0	1	10	204924	204933	7.3e+03	19.0
Pf9	Pf3D7_10_v3	100.00	10	0	0	1	10	47019	47010	7.3e+03	19.0
Pf9	Pf3D7_10_v3	100.00	10	0	0	1	10	68364	68355	7.3e+03	19.0
Pf9	Pf3D7_10_v3	100.00	10	0	0	1	10	73863	73854	7.3e+03	19.0
Pf9	Pf3D7_10_v3	100.00	10	0	0	1	10	84006	83997	7.3e+03	19.0
Pf9	Pf3D7_10_v3	100.00	10	0	0	1	10	86969	86960	7.3e+03	19.0
Pf9	Pf3D7_10_v3	100.00	10	0	0	1	10	89946	89937	7.3e+03	19.0
Pf9	Pf3D7_10_v3	100.00	10	0	0	1	10	109015	109006	7.3e+03	19.0
Pf9	Pf3D7_10_v3	100.00	10	0	0	1	10	112563	112554	7.3e+03	19.0
Pf9	Pf3D7_10_v3	100.00	10	0	0	1	10	122463	122454	7.3e+03	19.0
Pf9	Pf3D7_10_v3	100.00	10	0	0	1	10	163518	163509	7.3e+03	19.0
Pf9	Pf3D7_10_v3	100.00	10	0	0	1	10	165916	165907	7.3e+03	19.0
Pf9	Pf3D7_10_v3	100.00	10	0	0	1	10	171997	171988	7.3e+03	19.0
Pf9	Pf3D7_10_v3	100.00	10	0	0	1	10	175689	175680	7.3e+03	19.0
Pf9	Pf3D7_10_v3	100.00	10	0	0	1	10	188595	188586	7.3e+03	19.0
Pf9	Pf3D7_10_v3	100.00	10	0	0	1	10	188931	188922	7.3e+03	19.0
Pf9	Pf3D7_10_v3	100.00	10	0	0	1	10	190221	190212	7.3e+03	19.0
Pf9	Pf3D7_05_v3	100.00	10	0	0	1	10	32548	32557	7.3e+03	19.0
Pf9	Pf3D7_05_v3	100.00	10	0	0	1	10	35116	35125	7.3e+03	19.0
Pf9	Pf3D7_05_v3	100.00	10	0	0	1	10	35974	35983	7.3e+03	19.0
Pf9	Pf3D7_05_v3	100.00	10	0	0	1	10	37465	37474	7.3e+03	19.0
Pf9	Pf3D7_05_v3	100.00	10	0	0	1	10	72397	72406	7.3e+03	19.0
Pf9	Pf3D7_05_v3	100.00	10	0	0	1	10	73908	73917	7.3e+03	19.0
Pf9	Pf3D7_05_v3	100.00	10	0	0	1	10	74844	74853	7.3e+03	19.0
Pf9	Pf3D7_05_v3	100.00	10	0	0	1	10	98827	98836	7.3e+03	19.0
Pf9	Pf3D7_05_v3	100.00	10	0	0	1	10	111726	111735	7.3e+03	19.0
Pf9	Pf3D7_05_v3	100.00	10	0	0	1	10	118930	118939	7.3e+03	19.0
Pf9	Pf3D7_05_v3	100.00	10	0	0	1	10	131167	131176	7.3e+03	19.0
Pf9	Pf3D7_05_v3	100.00	10	0	0	1	10	132535	132544	7.3e+03	19.0
Pf9	Pf3D7_05_v3	100.00	10	0	0	1	10	132811	132820	7.3e+03	19.0
Pf9	Pf3D7_05_v3	100.00	10	0	0	1	10	138775	138784	7.3e+03	19.0
Pf9	Pf3D7_05_v3	100.00	10	0	0	1	10	155808	155817	7.3e+03	19.0
Pf9	Pf3D7_05_v3	100.00	10	0	0	1	10	169855	169864	7.3e+03	19.0
Pf9	Pf3D7_05_v3	100.00	10	0	0	1	10	38295	38286	7.3e+03	19.0
Pf9	Pf3D7_05_v3	100.00	10	0	0	1	10	59863	59854	7.3e+03	19.0
Pf9	Pf3D7_05_v3	100.00	10	0	0	1	10	73533	73524	7.3e+03	19.0
Pf9	Pf3D7_05_v3	100.00	10	0	0	1	10	95454	95445	7.3e+03	19.0
Pf9	Pf3D7_05_v3	100.00	10	0	0	1	10	97047	97038	7.3e+03	19.0
Pf9	Pf3D7_05_v3	100.00	10	0	0	1	10	107326	107317	7.3e+03	19.0
Pf9	Pf3D7_05_v3	100.00	10	0	0	1	10	111064	111055	7.3e+03	19.0
Pf9	Pf3D7_05_v3	100.00	10	0	0	1	10	111400	111391	7.3e+03	19.0
Pf9	Pf3D7_05_v3	100.00	10	0	0	1	10	116035	116026	7.3e+03	19.0
Pf9	Pf3D7_05_v3	100.00	10	0	0	1	10	117225	117216	7.3e+03	19.0
Pf9	Pf3D7_05_v3	100.00	10	0	0	1	10	117723	117714	7.3e+03	19.0
Pf9	Pf3D7_05_v3	100.00	10	0	0	1	10	118428	118419	7.3e+03	19.0
Pf9	Pf3D7_05_v3	100.00	10	0	0	1	10	129510	129501	7.3e+03	19.0
Pf9	Pf3D7_05_v3	100.00	10	0	0	1	10	136770	136761	7.3e+03	19.0
Pf9	Pf3D7_05_v3	100.00	10	0	0	1	10	143089	143080	7.3e+03	19.0
Pf9	Pf3D7_05_v3	100.00	10	0	0	1	10	145729	145720	7.3e+03	19.0
Pf10	Pf3D7_10_v3	100.00	9	0	0	1	9	28123	28131	2.6e+04	17.0
Pf10	Pf3D7_10_v3	100.00	9	0	0	1	9	42751	42759	2.6e+04	17.0
Pf10	Pf3D7_10_v3	100.00	9	0	0	1	9	44047	44055	2.6e+04	17.0
Pf10	Pf3D7_10_v3	100.00	9	0	0	1	9	91297	91305	2.6e+04	17.0
Pf10	Pf3D7_10_v3	100.00	9	0	0	1	9	91567	91575	2.6e+04	17.0
Pf10	Pf3D7_10_v3	100.00	9	0	0	1	9	97390	97398	2.6e+04	17.0
Pf10	Pf3D7_10_v3	100.00	9	0	0	1	9	98731	98739	2.6e+04	17.0
Pf10	Pf3D7_10_v3	100.00	9	0	0	1	9	101726	101734	2.6e+04	17.0
Pf10	Pf3D7_10_v3	100.00	9	0	0	1	9	104338	104346	2.6e+04	17.0
Pf10	Pf3D7_10_v3	100.00	9	0	0	1	9	112507	112515	2.6e+04	17.0
Pf10	Pf3D7_10_v3	100.00	9	0	0	1	9	161240	161248	2.6e+04	17.0
Pf10	Pf3D7_10_v3	100.00	9	0	0	1	9	171160	171168	2.6e+04	17.0
Pf10	Pf3D7_10_v3	100.00	9	0	0	1	9	180343	180351	2.6e+04	17.0
Pf10	Pf3D7_10_v3	100.00	9	0	0	1	9	180721	180729	2.6e+04	17.0
Pf10	Pf3D7_10_v3	100.00	9	0	0	1	9	212302	212310	2.6e+04	17.0
Pf10	Pf3D7_10_v3	100.00	9	0	0	1	9	242317	242325	2.6e+04	17.0
Pf10	Pf3D7_10_v3	100.00	9	0	0	1	9	27712	27704	2.6e+04	17.0
Pf10	Pf3D7_10_v3	100.00	9	0	0	1	9	52663	52655	2.6e+04	17.0
Pf10	Pf3D7_10_v3	100.00	9	0	0	1	9	55692	55684	2.6e+04	17.0
Pf10	Pf3D7_10_v3	100.00	9	0	0	1	9	59877	59869	2.6e+04	17.0
Pf10	Pf3D7_10_v3	100.00	9	0	0	1	9	67613	67605	2.6e+04	17.0
Pf10	Pf3D7_10_v3	100.00	9	0	0	1	9	70901	70893	2.6e+04	17.0
Pf10	Pf3D7_10_v3	100.00	9	0	0	1	9	79362	79354	2.6e+04	17.0
Pf10	Pf3D7_10_v3	100.00	9	0	0	1	9	90159	90151	2.6e+04	17.0
Pf10	Pf3D7_10_v3	100.00	9	0	0	1	9	94811	94803	2.6e+04	17.0
Pf10	Pf3D7_10_v3	100.00	9	0	0	1	9	120839	120831	2.6e+04	17.0
Pf10	Pf3D7_10_v3	100.00	9	0	0	1	9	123912	123904	2.6e+04	17.0
Pf10	Pf3D7_10_v3	100.00	9	0	0	1	9	132057	132049	2.6e+04	17.0
Pf10	Pf3D7_10_v3	100.00	9	0	0	1	9	138278	138270	2.6e+04	17.0
Pf10	Pf3D7_10_v3	100.00	9	0	0	1	9	141660	141652	2.6e+04	17.0
Pf10	Pf3D7_10_v3	100.00	9	0	0	1	9	144312	144304	2.6e+04	17.0
Pf10	Pf3D7_10_v3	100.00	9	0	0	1	9	159405	159397	2.6e+04	17.0
Pf10	Pf3D7_05_v3	100.00	9	0	0	1	9	31710	31718	2.6e+04	17.0
Pf10	Pf3D7_05_v3	100.00	9	0	0	1	9	34228	34236	2.6e+04	17.0
Pf10	Pf3D7_05_v3	100.00	9	0	0	1	9	66839	66847	2.6e+04	17.0
Pf10	Pf3D7_05_v3	100.00	9	0	0	1	9	67879	67887	2.6e+04	17.0
Pf10	Pf3D7_05_v3	100.00	9	0	0	1	9	72908	72916	2.6e+04	17.0
Pf10	Pf3D7_05_v3	100.00	9	0	0	1	9	85987	85995	2.6e+04	17.0
Pf10	Pf3D7_05_v3	100.00	9	0	0	1	9	107398	107406	2.6e+04	17.0
Pf10	Pf3D7_05_v3	100.00	9	0	0	1	9	111969	111977	2.6e+04	17.0
Pf10	Pf3D7_05_v3	100.00	9	0	0	1	9	112339	112347	2.6e+04	17.0
Pf10	Pf3D7_05_v3	100.00	9	0	0	1	9	136306	136314	2.6e+04	17.0
Pf10	Pf3D7_05_v3	100.00	9	0	0	1	9	139897	139905	2.6e+04	17.0
Pf10	Pf3D7_05_v3	100.00	9	0	0	1	9	152911	152919	2.6e+04	17.0
Pf10	Pf3D7_05_v3	100.00	9	0	0	1	9	156485	156493	2.6e+04	17.0
Pf10	Pf3D7_05_v3	100.00	9	0	0	1	9	169822	169830	2.6e+04	17.0
Pf10	Pf3D7_05_v3	100.00	9	0	0	1	9	219846	219854	2.6e+04	17.0
Pf10	Pf3D7_05_v3	100.00	9	0	0	1	9	238918	238926	2.6e+04	17.0
Pf10	Pf3D7_05_v3	100.00	9	0	0	1	9	28458	28450	2.6e+04	17.0
Pf10	Pf3D7_05_v3	100.00	9	0	0	1	9	31383	31375	2.6e+04	17.0
Pf10	Pf3D7_05_v3	100.00	9	0	0	1	9	32868	32860	2.6e+04	17.0
Pf10	Pf3D7_05_v3	100.00	9	0	0	1	9	48066	48058	2.6e+04	17.0
Pf10	Pf3D7_05_v3	100.00	9	0	0	1	9	60152	60144	2.6e+04	17.0
Pf10	Pf3D7_05_v3	100.00	9	0	0	1	9	65684	65676	2.6e+04	17.0
Pf10	Pf3D7_05_v3	100.00	9	0	0	1	9	80424	80416	2.6e+04	17.0
Pf10	Pf3D7_05_v3	100.00	9	0	0	1	9	86070	86062	2.6e+04	17.0
Pf10	Pf3D7_05_v3	100.00	9	0	0	1	9	90464	90456	2.6e+04	17.0
Pf10	Pf3D7_05_v3	100.00	9	0	0	1	9	91026	91018	2.6e+04	17.0
Pf10	Pf3D7_05_v3	100.00	9	0	0	1	9	95943	95935	2.6e+04	17.0
Pf10	Pf3D7_05_v3	100.00	9	0	0	1	9	98460	98452	2.6e+04	17.0
Pf10	Pf3D7_05_v3	100.00	9	0	0	1	9	112419	112411	2.6e+04	17.0
Pf10	Pf3D7_05_v3	100.00	9	0	0	1	9	116748	116740	2.6e+04	17.0
Pf10	Pf3D7_05_v3	100.00	9	0	0	1	9	120075	120067	2.6e+04	17.0
Pf10	Pf3D7_05_v3	100.00	9	0	0	1	9	121527	121519	2.6e+04	17.0
